Feature,Importance
cat__previous_loan_defaults_on_file_No,0.20817203688865815
cat__previous_loan_defaults_on_file_Yes,0.18999979764669303
num__loan_int_rate,0.1245635066346625
num__loan_percent_income,0.10241599824422018
num__person_income,0.09231894747521766
num__loan_amnt,0.04609194700162999
num__credit_score,0.04399827771399521
cat__person_home_ownership_RENT,0.03015843313340317
num__person_age,0.02553385481581403
num__person_emp_exp,0.023618416710233826
num__cb_person_cred_hist_length,0.021643521678272454
cat__person_home_ownership_MORTGAGE,0.01772941944218778
cat__loan_intent_VENTURE,0.008968404910799536
cat__person_home_ownership_OWN,0.007929022775061174
cat__loan_intent_MEDICAL,0.006232567786274928
cat__loan_intent_DEBTCONSOLIDATION,0.006186498204157051
cat__loan_intent_HOMEIMPROVEMENT,0.005411435395281355
cat__loan_intent_EDUCATION,0.005391789375435888
cat__person_education_Bachelor,0.00515085970291698
cat__person_education_Associate,0.004788547252464443
cat__person_education_High School,0.004720386939380511
cat__person_gender_male,0.004668786744695805
cat__person_gender_female,0.004558074409390262
cat__loan_intent_PERSONAL,0.00422568221575227
cat__person_education_Master,0.004194916396135775
cat__person_education_Doctorate,0.0009458141283337199
cat__person_home_ownership_OTHER,0.0003830563789324411
